<?xml version="1.0" encoding="UTF-8"?>
<project version="4">
  <component name="AutoImportSettings">
    <option name="autoReloadType" value="SELECTIVE" />
  </component>
  <component name="ChangeListManager">
    <list default="true" id="e689e65c-490d-4d92-9345-ed9c2d9891c9" name="Changes" comment="" />
    <option name="SHOW_DIALOG" value="false" />
    <option name="HIGHLIGHT_CONFLICTS" value="true" />
    <option name="HIGHLIGHT_NON_ACTIVE_CHANGELIST" value="false" />
    <option name="LAST_RESOLUTION" value="IGNORE" />
  </component>
  <component name="FileTemplateManagerImpl">
    <option name="RECENT_TEMPLATES">
      <list>
        <option value="Interface" />
        <option value="Class" />
      </list>
    </option>
  </component>
  <component name="MavenImportPreferences">
    <option name="generalSettings">
      <MavenGeneralSettings>
        <option name="mavenHomeTypeForPersistence" value="WRAPPER" />
      </MavenGeneralSettings>
    </option>
  </component>
  <component name="ProjectColorInfo">{
  &quot;associatedIndex&quot;: 7
}</component>
  <component name="ProjectId" id="2mFcFMjY0yunc5jbTi1O4JG6vAU" />
  <component name="ProjectViewState">
    <option name="hideEmptyMiddlePackages" value="true" />
    <option name="showLibraryContents" value="true" />
  </component>
  <component name="PropertiesComponent"><![CDATA[{
  "keyToString": {
    "Application.RegisterloginApplication.executor": "Run",
    "Maven.Registerlogin [clean,install].executor": "Run",
    "RunOnceActivity.ShowReadmeOnStart": "true",
    "kotlin-language-version-configured": "true",
    "last_opened_file_path": "C:/SpringBoat prjct/Login to Employee Management System"
  }
}]]></component>
  <component name="RunAnythingCache">
    <option name="myCommands">
      <command value="mvn clean install" />
    </option>
  </component>
  <component name="RunManager">
    <configuration name="RegisterloginApplication" type="Application" factoryName="Application" temporary="true" nameIsGenerated="true">
      <option name="MAIN_CLASS_NAME" value="com.Registerlogin.Registerlogin.RegisterloginApplication" />
      <module name="Registerlogin" />
      <extension name="coverage">
        <pattern>
          <option name="PATTERN" value="com.Registerlogin.Registerlogin.*" />
          <option name="ENABLED" value="true" />
        </pattern>
      </extension>
      <method v="2">
        <option name="Make" enabled="true" />
      </method>
    </configuration>
    <recent_temporary>
      <list>
        <item itemvalue="Application.RegisterloginApplication" />
      </list>
    </recent_temporary>
  </component>
  <component name="SpellCheckerSettings" RuntimeDictionaries="0" Folders="0" CustomDictionaries="0" DefaultDictionary="application-level" UseSingleDictionary="true" transferred="true" />
  <component name="TaskManager">
    <task active="true" id="Default" summary="Default task">
      <changelist id="e689e65c-490d-4d92-9345-ed9c2d9891c9" name="Changes" comment="" />
      <created>1726675659944</created>
      <option name="number" value="Default" />
      <option name="presentableId" value="Default" />
      <updated>1726675659944</updated>
    </task>
    <servers />
  </component>
</project>